Id,Label,Nationality
fisichella,Giancarlo Fisichella,Italian
barrichello,Rubens Barrichello,Brazilian
alonso,Fernando Alonso,Spanish
coulthard,David Coulthard,British
webber,Mark Webber,Australian
montoya,Juan Pablo Montoya,Colombian
klien,Christian Klien,Austrian
raikkonen,Kimi Räikkönen,Finnish
trulli,Jarno Trulli,Italian
massa,Felipe Massa,Brazilian
button,Jenson Button,British
ralf_schumacher,Ralf Schumacher,German
villeneuve,Jacques Villeneuve,Canadian
sato,Takuma Sato,Japanese
karthikeyan,Narain Karthikeyan,Indian
monteiro,Tiago Monteiro,Portuguese
friesacher,Patrick Friesacher,Austrian
michael_schumacher,Michael Schumacher,German
heidfeld,Nick Heidfeld,German
albers,Christijan Albers,Dutch
davidson,Anthony Davidson,British
rosa,Pedro de la Rosa,Spanish
wurz,Alexander Wurz,Austrian
liuzzi,Vitantonio Liuzzi,Italian
rosberg,Nico Rosberg,German
speed,Scott Speed,American
ide,Yuji Ide,Japanese
hamilton,Lewis Hamilton,British
kovalainen,Heikki Kovalainen,Finnish
sutil,Adrian Sutil,German
kubica,Robert Kubica,Polish
nakajima,Kazuki Nakajima,Japanese
bourdais,Sébastien Bourdais,French
glock,Timo Glock,German
piquet_jr,Nelson Piquet Jr.,Brazilian
vettel,Sebastian Vettel,German
buemi,Sébastien Buemi,Swiss
alguersuari,Jaime Alguersuari,Spanish
hulkenberg,Nico Hülkenberg,German
bruno_senna,Bruno Senna,Brazilian
petrov,Vitaly Petrov,Russian
kobayashi,Kamui Kobayashi,Japanese
grassi,Lucas di Grassi,Brazilian
chandhok,Karun Chandhok,Indian
resta,Paul di Resta,British
ambrosio,Jérôme d'Ambrosio,Belgian
maldonado,Pastor Maldonado,Venezuelan
perez,Sergio Pérez,Mexican
ricciardo,Daniel Ricciardo,Australian
vergne,Jean-Éric Vergne,French
pic,Charles Pic,French
grosjean,Romain Grosjean,French
gutierrez,Esteban Gutiérrez,Mexican
bottas,Valtteri Bottas,Finnish
jules_bianchi,Jules Bianchi,French
chilton,Max Chilton,British
garde,Giedo van der Garde,Dutch
kevin_magnussen,Kevin Magnussen,Danish
kvyat,Daniil Kvyat,Russian
ericsson,Marcus Ericsson,Swedish
nasr,Felipe Nasr,Brazilian
sainz,Carlos Sainz,Spanish
max_verstappen,Max Verstappen,Dutch
merhi,Roberto Merhi,Spanish
stevens,Will Stevens,British
