Id,Label,Attribute
1,Michael Schumacher,German
2,Damon Hill,British
3,Jean Alesi,French
4,Rubens Barrichello,Brazilian
5,Ukyo Katayama,Japanese
6,Karl Wendlinger,Austrian
7,Johnny Herbert,British
8,Pierluigi Martini,Italian
9,Érik Comas,French
10,Pedro Lamy,Portuguese
11,Olivier Panis,French
12,David Brabham,Australian
13,Ayrton Senna,Brazilian
14,Martin Brundle,British
15,Eddie Irvine,British
16,Jos Verstappen,Dutch
17,Éric Bernard,French
18,Mark Blundell,British
19,Christian Fittipaldi,Brazilian
20,Heinz-Harald Frentzen,German
21,Mika Häkkinen,Finnish
22,Michele Alboreto,Italian
23,Gianni Morbidelli,Italian
24,Gerhard Berger,Austrian
25,Olivier Beretta,Monegasque
26,Bertrand Gachot,Belgian
27,Roland Ratzenberger,Austrian
28,Aguri Suzuki,Japanese
29,Nicola Larini,Italian
30,Andrea de Cesaris,Italian
31,Jyrki Järvilehto,Finnish
32,Paul Belmondo,French
33,David Coulthard,British
34,Mika Salo,Finnish
35,Andrea Montermini,Italian
36,Pedro Diniz,Brazilian
37,Taki Inoue,Japanese
38,Luca Badoer,Italian
39,Roberto Moreno,Brazilian
40,Domenico Schiattarella,Italian
41,Nigel Mansell,British
42,Jacques Villeneuve,Canadian
43,Ricardo Rosset,Brazilian
44,Giancarlo Fisichella,Italian
45,Tarso Marques,Brazilian
46,Shinji Nakano,Japanese
47,Jarno Trulli,Italian
48,Jan Magnussen,Danish
49,Ralf Schumacher,German
50,Alexander Wurz,Austrian
51,Esteban Tuero,Argentine
52,Toranosuke Takagi,Japanese
53,Pedro de la Rosa,Spanish
54,Ricardo Zonta,Brazilian
55,Marc Gené,Spanish
56,Alessandro Zanardi,Italian
57,Stéphane Sarrazin,French
58,Nick Heidfeld,German
59,Jenson Button,British
60,Gastón Mazzacane,Argentine
61,Kimi Räikkönen,Finnish
62,Luciano Burti,Brazilian
63,Fernando Alonso,Spanish
64,Juan Pablo Montoya,Colombian
65,Enrique Bernoldi,Brazilian
66,Mark Webber,Australian
67,Alex Yoong,Malaysian
68,Takuma Sato,Japanese
69,Felipe Massa,Brazilian
70,Allan McNish,British
71,Antônio Pizzonia,Brazilian
72,Justin Wilson,British
73,Cristiano da Matta,Brazilian
74,Ralph Firman,Irish
75,Christian Klien,Austrian
76,Giorgio Pantano,Italian
77,Gianmaria Bruni,Italian
78,Zsolt Baumgartner,Hungarian
79,Narain Karthikeyan,Indian
80,Tiago Monteiro,Portuguese
81,Patrick Friesacher,Austrian
82,Christijan Albers,Dutch
83,Anthony Davidson,British
84,Vitantonio Liuzzi,Italian
85,Nico Rosberg,German
86,Scott Speed,American
87,Yuji Ide,Japanese
88,Lewis Hamilton,British
89,Heikki Kovalainen,Finnish
90,Adrian Sutil,German
91,Robert Kubica,Polish
92,Kazuki Nakajima,Japanese
93,Sébastien Bourdais,French
94,Timo Glock,German
95,Nelson Piquet Jr.,Brazilian
96,Sebastian Vettel,German
97,Sébastien Buemi,Swiss
98,Jaime Alguersuari,Spanish
99,Nico Hülkenberg,German
100,Bruno Senna,Brazilian
101,Vitaly Petrov,Russian
102,Kamui Kobayashi,Japanese
103,Lucas di Grassi,Brazilian
104,Karun Chandhok,Indian
105,Paul di Resta,British
106,Jérôme d'Ambrosio,Belgian
107,Pastor Maldonado,Venezuelan
108,Sergio Pérez,Mexican
109,Daniel Ricciardo,Australian
110,Jean-Éric Vergne,French
111,Charles Pic,French
112,Romain Grosjean,French
113,Esteban Gutiérrez,Mexican
114,Valtteri Bottas,Finnish
115,Jules Bianchi,French
116,Max Chilton,British
117,Giedo van der Garde,Dutch
118,Kevin Magnussen,Danish
119,Daniil Kvyat,Russian
120,Marcus Ericsson,Swedish
121,Felipe Nasr,Brazilian
122,Carlos Sainz,Spanish
123,Max Verstappen,Dutch
124,Roberto Merhi,Spanish
125,Will Stevens,British
126,Jolyon Palmer,British
127,Pascal Wehrlein,German
128,Rio Haryanto,Indonesian
129,Stoffel Vandoorne,Belgian
130,Esteban Ocon,French
131,Antonio Giovinazzi,Italian
132,Lance Stroll,Canadian
133,Charles Leclerc,Monegasque
134,Brendon Hartley,New Zealander
135,Pierre Gasly,French
136,Sergey Sirotkin,Russian
137,Lando Norris,British
138,Alexander Albon,Thai
139,George Russell,British
140,Nicholas Latifi,Canadian
141,Yuki Tsunoda,Japanese
142,Mick Schumacher,German
143,Nikita Mazepin,Russian
144,Guanyu Zhou,Chinese
145,Logan Sargeant,American
146,Nyck de Vries,Dutch
147,Oscar Piastri,Australian
148,Oliver Bearman,British
149,Andrea Kimi Antonelli,Italian
150,Liam Lawson,New Zealander
151,Gabriel Bortoleto,Brazilian
152,Jack Doohan,Australian
153,Isack Hadjar,French
154,Arvid Lindblad,British
155,Franco Colapinto,Argentine
